,projetos
0,presidentbeef/brakeman
1,sferik/rails_admin
2,sferik/sign-in-with-twitter
3,pry/pry
4,intridea/oauth2
5,locomotivecms/engine
6,cheezy/page-object
7,rspec/rspec-core
8,weppos/whois
9,heroku/heroku
10,guard/listen
11,matschaffer/knife-solo
12,ari/jobsworth
13,adhearsion/adhearsion
14,rspec/rspec-mocks
15,mperham/sidekiq
16,twitter/twitter-cldr-rb
17,rodjek/rspec-puppet
18,mroth/lolcommits
19,google/google-api-ruby-client
20,floere/phony
21,shoes/shoes4
22,openSUSE/open-build-service
23,Casecommons/pg_search
24,fog/fog
25,refinery/refinerycms
26,opal/opal
27,savonrb/savon
28,lemurheavy/coveralls-ruby
29,thibaudgg/video_info
30,roidrage/lograge
31,rapid7/metasploit-framework
32,projectblacklight/blacklight
33,rails-api/active_model_serializers
34,savonrb/gyoku
35,diowa/icare
36,phoet/on_ruby
37,puppetlabs/facter
38,twitter/secureheaders
39,expertiza/expertiza
40,dejan/rails_panel
41,saturnflyer/casting
42,nathanl/searchlight
43,pearkes/tugboat
44,projecthydra/sufia
45,hexorx/countries
46,fluent/fluentd
47,feedbin/feedbin
48,openfoodfoundation/openfoodnetwork
49,lian/bitcoin-ruby
50,manshar/manshar
51,danmayer/coverband
52,voltrb/volt
53,openaustralia/morph
54,rpush/rpush
55,tmuxinator/tmuxinator
56,psu-stewardship/scholarsphere
57,discourse/onebox
58,activeadmin/activeadmin
59,ruby-concurrency/concurrent-ruby
60,gavinlaking/vedeu
61,winebarrel/ridgepole
62,asciinema/asciinema.org
63,rightscale/praxis
64,cerebris/jsonapi-resources
65,openstreetmap/openstreetmap-website
66,mattbrictson/airbrussh
67,aws/aws-sdk-ruby
68,celluloid/reel
